url,title,company
https://weworkremotely.com//remote-jobs/x-team-golang-developer-eu-based,Golang Developer (EU based),X-Team
https://remoteok.io//remote-jobs/103960-remote-backend-engineer-vistas-recruitment,Backend Engineer,Vistas Recruitment
https://remoteok.io//remote-jobs/103940-remote-golangpython-developerbuild-modern-marketing-platform-get-it,Golangpython Developerbuild Modern Marketing Platform,Get It
https://remoteok.io//remote-jobs/103939-remote-senior-software-engineer-consul-hashicorp,Senior Software Engineer Consul,HashiCorp
https://remoteok.io//remote-jobs/103907-remote-senior-backend-developer-valocode,Senior Backend Developer,Valocode
https://remoteok.io//remote-jobs/103899-remote-golang-developer-kiuki,Golang Developer,Kiuki
https://remoteok.io//remote-jobs/103757-remote-backend-developer-ivpn,Backend Developer,IVPN
https://remoteok.io//remote-jobs/103697-remote-senior-devops-architect-codelitt,Senior DevOps Architect,Codelitt
https://remoteok.io//remote-jobs/103628-remote-senior-backend-engineerapi-argyle,Senior Backend Engineerapi,Argyle
https://remoteok.io//remote-jobs/103873-remote-senior-golang-backend-engineer-verivest,Senior Golang Backend Engineer,Verivest
https://remoteok.io//remote-jobs/103868-remote-backend-engineer-vistas-recruitment,Backend Engineer,Vistas Recruitment
https://remoteok.io//remote-jobs/103863-remote-senior-golang-backend-engineer-archipelago-analytics,Senior Golang Backend Engineer,Archipelago Analytics
https://remoteok.io//remote-jobs/103862-remote-golang-developer-true-tickets,Golang Developer,True Tickets
https://remoteok.io//remote-jobs/103861-remote-software-engineer-acronis,Software Engineer,Acronis
https://remoteok.io//remote-jobs/103816-remote-software-engineermonetization-splice,Software Engineermonetization,Splice
https://remoteok.io//remote-jobs/103815-remote-senior-engineer-solarisbank-ag,Senior Engineer,Solarisbank AG
https://remoteok.io//remote-jobs/103786-remote-golang-software-engineer-percona-staffing,Golang Software Engineer,Percona Staffing
https://remoteok.io//remote-jobs/103775-remote-golang-developer-mindera,Golang Developer,Mindera
https://remoteok.io//remote-jobs/103710-remote-software-engineer-backend-triple9,Software Engineer Backend,Triple9
https://remoteok.io//remote-jobs/103702-remote-senior-backend-engineer-policyfly,Senior Backend Engineer,PolicyFly
https://remoteok.io//remote-jobs/103700-remote-senior-backend-engineer-strings,Senior Backend Engineer,Strings
https://remoteok.io//remote-jobs/103693-remote-golang-developer-experient-group,Golang Developer,Experient Group
https://remoteok.io//remote-jobs/103668-remote-senior-backend-engineer-vinovest,Senior Backend Engineer,Vinovest
https://remoteok.io//remote-jobs/103664-remote-golang-developer-smart-adserver,Golang Developer,Smart Adserver
https://remoteok.io//remote-jobs/103634-remote-senior-golang-developer-sheetrocks,Senior Golang Developer,SheetRocks
https://remoteok.io//remote-jobs/103622-remote-senior-backend-engineer-coinbase,Senior Backend Engineer,Coinbase
https://remoteok.io//remote-jobs/103620-remote-senior-backend-go-engineer-vistas-recruitment,Senior Backend Go Engineer,Vistas Recruitment
https://remoteok.io//remote-jobs/103604-remote-senior-go-engineer-vistas-recruitment,Senior Go Engineer,Vistas Recruitment
https://remoteok.io//remote-jobs/103541-remote-senior-software-engineer-outer-inc,Senior Software Engineer,Outer Inc
https://remoteok.io//remote-jobs/103463-remote-data-engineer-agenteur,Data Engineer,Agenteur
https://remoteok.io//remote-jobs/103412-remote-senior-front-end-engineer-rumble,Senior Front End Engineer,Rumble
https://remoteok.io//remote-jobs/103135-remote-senior-software-consultant-test-double,Senior Software Consultant,Test Double 
https://remoteok.io//remote-jobs/103133-remote-javascript-backend-software-developer-stashed-snkrs,JavaScript Backend Software Developer,Stashed SNKRS
https://remoteok.io//remote-jobs/102916-remote-senior-go-engineer-the-golang-guy,Senior Go Engineer,THE GOLANG GUY
https://remoteok.io//remote-jobs/102855-remote-senior-devops-engineer-doximity,Senior DevOps Engineer,Doximity
https://remoteok.io//remote-jobs/102529-remote-backend-engineer-donut,Backend Engineer,Donut
https://remoteok.io//remote-jobs/102322-remote-senior-backend-engineers-argyle,Senior Backend Engineers,Argyle
https://remoteok.io//remote-jobs/102057-remote-senior-go-developer-carted,Senior Go Developer,Carted
https://remoteok.io//remote-jobs/102027-remote-golang-developer-proxify,Golang Developer,Proxify
https://remoteok.io//remote-jobs/101689-remote-software-developer-norhart,Software Developer,Norhart
https://remoteok.io//remote-jobs/101603-remote-senior-software-engineer-metrika,Senior Software Engineer,Metrika
https://remoteok.io//remote-jobs/101571-remote-backend-engineer-tidepool,Backend Engineer,Tidepool
https://remoteok.io//remote-jobs/101403-remote-senior-golang-backend-engineer-trendhim,Senior Golang Backend Engineer,Trendhim
https://remoteok.io//remote-jobs/101049-remote-software-developer-norhart,Software Developer,Norhart
https://remoteok.io//remote-jobs/100804-remote-senior-backend-engineer-golang-teylor,Senior Backend Engineer Golang,Teylor
https://remoteok.io//remote-jobs/100798-remote-experienced-backend-developer-visuary,Experienced Backend Developer,Visuary
https://remoteok.io//remote-jobs/103571-remote-senior-go-engineer-openly,Senior Go Engineer,Openly
https://remoteok.io//remote-jobs/103456-remote-backend-developer-vistas-recruitment,Backend Developer,Vistas Recruitment
https://remoteok.io//remote-jobs/103454-remote-senior-software-engineer-navigating-cancer,Senior Software Engineer,Navigating Cancer
https://remoteok.io//remote-jobs/103453-remote-lead-devops-engineer-web-services-zenimax-online-studios,Lead DevOps Engineer Web Services,ZeniMax Online Studios
https://remoteok.io//remote-jobs/103437-remote-senior-software-engineer-100-form3,Senior Software Engineer 100,Form3
https://remoteok.io//remote-jobs/103430-remote-lead-go-engineer-some,Lead Go Engineer,some
https://remoteok.io//remote-jobs/103426-remote-go-software-developer-mindera,Go Software Developer,Mindera
https://remoteok.io//remote-jobs/103400-remote-senior-software-engineer-sublime-security,Senior Software Engineer,Sublime Security
https://remoteok.io//remote-jobs/103394-remote-software-engineer-sublime-security,Software Engineer,Sublime Security
https://remoteok.io//remote-jobs/103391-remote-senior-software-developer-dayforward,Senior Software Developer,Dayforward
https://remoteok.io//remote-jobs/103386-remote-senior-go-developer-x-team,Senior Go Developer,X Team
https://remoteok.io//remote-jobs/103385-remote-senior-software-engineer-ntwrk,Senior Software Engineer,NTWRK
https://remoteok.io//remote-jobs/103378-remote-senior-golang-developer-codepen,Senior Golang Developer,CodePen
https://remoteok.io//remote-jobs/103366-remote-software-engineer-bluelabs,Software Engineer,BlueLabs
https://remoteok.io//remote-jobs/103294-remote-engineering-lead-peerboard,Engineering Lead,PeerBoard
https://remoteok.io//remote-jobs/103293-remote-backend-developer-toggl-hire,Backend Developer,Toggl Hire
https://remoteok.io//remote-jobs/103276-remote-senior-backend-engineer-monzo,Senior Backend Engineer,Monzo
https://remoteok.io//remote-jobs/103275-remote-senior-go-backend-developer-refurbed,Senior Go Backend Developer,refurbed
https://remoteok.io//remote-jobs/103230-remote-rust-golang-typescript-solidity-devs-chainsafe-systems,Rust Golang Typescript Solidity Devs,ChainSafe Systems
https://remoteok.io//remote-jobs/103173-remote-senior-go-blockchain-developer-spacemesh,Senior Go Blockchain Developer,Spacemesh
https://remoteok.io//remote-jobs/103172-remote-senior-full-stack-engineer-rumble,Senior Full Stack Engineer,Rumble
https://remoteok.io//remote-jobs/103092-remote-senior-go-engineer-equilibrium,Senior Go Engineer,Equilibrium
https://remoteok.io//remote-jobs/103066-remote-go-software-engineer-fully-vistas-recruitment,Go Software Engineer Fully,Vistas Recruitment
https://remoteok.io//remote-jobs/103028-remote-senior-go-engineer-solarisbank-ag,Senior Go Engineer,Solarisbank AG
https://remoteok.io//remote-jobs/102894-remote-senior-backend-engineer-vistas-recruitment,Senior Backend Engineer,Vistas Recruitment
https://remoteok.io//remote-jobs/102869-remote-backend-engineer-europe-vistas-recruitment,Backend Engineer Europe,Vistas Recruitment
https://remoteok.io//remote-jobs/102817-remote-senior-golang-software-developer-invopop,Senior Golang Software Developer,Invopop 
https://remoteok.io//remote-jobs/102773-remote-golang-backend-developer-skycoin,Golang Backend Developer,Skycoin
https://remoteok.io//remote-jobs/102771-remote-senior-golang-developer-nearsure,Senior Golang Developer,Nearsure
https://remoteok.io//remote-jobs/102758-remote-software-engineer-backend-luxor,Software Engineer Backend,Luxor
https://remoteok.io//remote-jobs/102753-remote-back-end-engineer-weave,Back End Engineer,Weave
https://remoteok.io//remote-jobs/102744-remote-backend-software-engineer-amsterdam-stream,Backend Software Engineer Amsterdam,Stream
https://remoteok.io//remote-jobs/102742-remote-golang-backend-engineer-beyond-100,Golang Backend Engineer,Beyond 100
https://remoteok.io//remote-jobs/102719-remote-software-engineer-zendesk,Software Engineer,Zendesk
https://remoteok.io//remote-jobs/102704-remote-developer-advocate-traefik-labs,Developer Advocate,Traefik Labs
https://remoteok.io//remote-jobs/102697-remote-senior-software-engineer-ecad-labs,Senior Software Engineer,ECAD Labs 
https://remoteok.io//remote-jobs/102648-remote-senior-golang-backend-engineer-cmd,Senior Golang Backend Engineer,Cmd
https://remoteok.io//remote-jobs/102561-remote-java-python-golang-backend-engineer-big-data-data-greenfield-partners-very-large,Java Python Golang Backend Engineer Big Data Data Greenfield Partners,very large
https://remoteok.io//remote-jobs/102384-remote-backend-developer-highlight,Backend Developer,Highlight
https://remoteok.io//remote-jobs/102299-remote-back-end-engineer-findhotel,Back End Engineer,FindHotel
https://remoteok.io//remote-jobs/102297-remote-golang-engineer-numbrs-personal-finance-ag,Golang Engineer,Numbrs Personal Finance AG
https://remoteok.io//remote-jobs/102186-remote-full-stack-developer-advanced-react-developer-go-upwire,Full Stack Developer Advanced React Developer Go,Upwire
https://remoteok.io//remote-jobs/102178-remote-golang-backend-engineer-beat,Golang Backend Engineer,Beat
https://remoteok.io//remote-jobs/102096-remote-engineering-manager-vistas-recruitment,Engineering Manager,Vistas Recruitment
https://remoteok.io//remote-jobs/102091-remote-senior-software-engineer-greynoise-intelligence,Senior Software Engineer,GreyNoise Intelligence
https://remoteok.io//remote-jobs/102006-remote-full-stack-engineer-fully-vistas-recruitment,Full Stack Engineer Fully,Vistas Recruitment
https://remoteok.io//remote-jobs/101993-remote-devops-engineer-artidis-ag,DevOps Engineer,ARTIDIS AG
https://remoteok.io//remote-jobs/101989-remote-go-developer-engineer-cyza,Go Developer Engineer,CYZA
https://remoteok.io//remote-jobs/101969-remote-backend-engineer-vistas-recruitment,Backend Engineer,Vistas Recruitment
https://remoteok.io//remote-jobs/101805-remote-go-developer-for-slack-backed-startup-canadian-based-devs-preferred-technical-integrity,Go Developer for Slack Backed Startup Canadian Based Devs Preferred,Technical Integrity
https://remoteok.io//remote-jobs/101779-remote-junior-go-javascript-engineer-alpine-iq,Junior Go JavaScript Engineer,Alpine IQ
https://remoteok.io//remote-jobs/101759-remote-senior-software-engineer-pomerium,Senior Software Engineer,Pomerium
https://remoteok.io//remote-jobs/101726-remote-go-engineer-k6-open-source-developer-k6-io,Go Engineer K6 Open Source Developer,k6.io
https://remoteok.io//remote-jobs/101650-remote-principal-infrastructure-engineer-temporal-technologies,Principal Infrastructure Engineer,Temporal Technologies
https://remoteok.io//remote-jobs/101580-remote-senior-go-developer-swarm,Senior Go Developer,Swarm
https://remoteok.io//remote-jobs/101534-remote-golang-backend-engineer-artidis-ag,Golang Backend Engineer,ARTIDIS AG
https://remoteok.io//remote-jobs/101443-remote-go-software-engineer-scylladb,Go Software Engineer,ScyllaDB
https://remoteok.io//remote-jobs/101439-remote-golang-engineer-for-well-funded-startup-change-how-the-world-communicates-technical-integrity,Golang Engineer for Well Funded Startup Change How the World Communicates,Technical Integrity
https://remoteok.io//remote-jobs/101366-remote-senior-golang-backend-engineer-independent-project,Senior Golang Backend Engineer,Independent Project
https://remoteok.io//remote-jobs/101356-remote-senior-backend-engineer-trendhim,Senior Backend Engineer,Trendhim
https://remoteok.io//remote-jobs/101285-remote-lead-backend-developer-go-refurbed,Lead Backend Developer Go,refurbed
https://remoteok.io//remote-jobs/101235-remote-senior-golang-developer-nesto,Senior Golang Developer,nesto
https://remoteok.io//remote-jobs/101216-remote-mid-level-senior-backend-engineers-ardan-labs,Mid Level Senior Backend Engineers,Ardan Labs
https://remoteok.io//remote-jobs/101151-remote-backend-developer-1password,Backend Developer,1Password
https://remoteok.io//remote-jobs/101079-remote-principal-software-developer-spacemesh,Principal Software Developer,Spacemesh
https://remoteok.io//remote-jobs/101035-remote-backend-software-engineer-trendhim,Backend Software Engineer,Trendhim
https://remoteok.io//remote-jobs/101031-remote-software-engineer-salesforce-go-grax,Software Engineer Salesforce Go,GRAX
https://remoteok.io//remote-jobs/101027-remote-engineering-manager-for-backend-go-team-grax,Engineering Manager for Backend Go Team,GRAX
https://remoteok.io//remote-jobs/101028-remote-software-engineer-backend-grax,Software Engineer Backend,GRAX
https://remoteok.io//remote-jobs/101020-remote-backend-go-developer-vistas-recruitment,Backend Go Developer,Vistas recruitment
https://remoteok.io//remote-jobs/100992-remote-senior-go-backend-engineer-for-data-project-admiral-digital,Senior Go Backend Engineer for Data Project,admiral.digital
https://remoteok.io//remote-jobs/100985-remote-mid-senior-full-stack-developer-network-gaming,Mid Senior Full Stack Developer,Network Gaming
https://remoteok.io//remote-jobs/100894-remote-software-engineer-mid-level-expel,Software Engineer Mid Level,Expel
https://remoteok.io//remote-jobs/100884-remote-golang-engineer-pulley,Golang Engineer,Pulley
https://remoteok.io//remote-jobs/100782-remote-backend-go-engineer-vistas-recruitment,Backend Go Engineer,Vistas recruitment
https://remoteok.io//remote-jobs/100768-remote-senior-golang-engineer-k6-open-source-project-k6-io,Senior Golang Engineer K6 Open Source Project,k6.io
https://remoteok.io//remote-jobs/100755-remote-golang-craftsperson-lightmeter,Golang Craftsperson,Lightmeter
https://remoteok.io//remote-jobs/100707-remote-software-development-engineer-tune,Software Development Engineer,TUNE
https://remoteok.io//remote-jobs/100677-remote-software-engineer-go-moov-financial,Software Engineer Go,Moov Financial
https://remoteok.io//remote-jobs/100646-remote-go-sdk-engineer-okta,Go SDK Engineer,Okta
https://remoteok.io//remote-jobs/100647-remote-backend-developer-gridx-gmbh,Backend Developer,gridX GmbH
https://remoteok.io//remote-jobs/100623-remote-senior-backend-engineer-findhotel,Senior Backend Engineer,FindHotel
https://remoteok.io//remote-jobs/100572-remote-blockchain-core-developer-spacemesh,Blockchain Core Developer,Spacemesh
https://remoteok.io//remote-jobs/100548-remote-software-engineer-cert-manager-jetstack,Software Engineer Cert Manager,Jetstack
https://remoteok.io//remote-jobs/100498-remote-senior-software-engineer-messagebird,Senior Software Engineer,MessageBird
https://stackoverflow.com/jobs/505637/lead-backend-developer-go-m-f-x-refurbed,Lead Backend Developer / Go (m/f/x),featured
https://stackoverflow.com/jobs/482424/software-engineer-go-golang-juni-technology-ab,Software Engineer - Go (Golang),"Juni Technology AB
                "
https://stackoverflow.com/jobs/516039/go-hacker-wanted-knk-group,GO Hacker wanted,"knk Group
                "
https://stackoverflow.com/jobs/524734/software-engineer-go-k8s-appvia,"Software Engineer (Go, K8s)","Appvia
                "
https://stackoverflow.com/jobs/409540/backend-software-engineer-golang-remote-job-avenue,Backend Software Engineer - Golang (Remote Job),"Avenue
                "
https://stackoverflow.com/jobs/526717/backend-software-engineer-go-green-man-gaming-limited,Backend Software Engineer : Go,"Green Man Gaming Limited
                "
https://stackoverflow.com/jobs/519532/senior-software-engineer-golang-andela,Senior Software Engineer - Golang,"Andela
                "
https://stackoverflow.com/jobs/129002/go-developer-bloomreach,Go Developer,"Bloomreach
                "
https://stackoverflow.com/jobs/500599/senior-go-engineer-at-openly-insurtech-openly,Senior Go Engineer at Openly - Insurtech,"Openly
                "
https://stackoverflow.com/jobs/453434/golang-engineer-numbrs,Golang Engineer,"Numbrs
                "
https://stackoverflow.com/jobs/287227/senior-software-engineer-go-100-remote-uk-form3-financial-cloud,Senior Software Engineer (Go) - 100% remote (UK/EU only),"Form3 - Financial Cloud
                "
https://stackoverflow.com/jobs/524737/golang-developer-smart-adserver,Golang Developer,"Smart Adserver
                "
https://stackoverflow.com/jobs/484608/senior-software-engineer-php-and-golang-paddle,Senior Software Engineer (PHP AND Golang),"Paddle
                "
https://stackoverflow.com/jobs/516145/senior-software-engineer-go-jack-henry-associates-inc,Senior Software Engineer (Go),"Jack Henry & Associates, Inc.Â®
                "
https://stackoverflow.com/jobs/459796/software-engineer-go-rust-chorus-one,Software Engineer (Go/Rust),"Chorus One
                "
https://stackoverflow.com/jobs/486360/senior-software-engineer-go-messagebird,Senior Software Engineer (Go),"MessageBird
                "
https://stackoverflow.com/jobs/495979/lead-developer-go-plusangular-cel,Lead developer Go+Angular,"CEL
                "
https://stackoverflow.com/jobs/514670/golang-developer-remote-work-bairesdev-llc,Golang Developer - REMOTE WORK,"BairesDev LLC
                "
https://stackoverflow.com/jobs/287208/senior-go-backend-developer-m-f-x-refurbed,Senior Go Backend Developer (m/f/x),"refurbed
                "
https://stackoverflow.com/jobs/517058/golang-architect-remote-work-bairesdev-llc,Golang Architect - REMOTE WORK,"BairesDev LLC
                "
https://stackoverflow.com/jobs/525823/golang-software-engineer-percona-staffing-llc,Golang Software Engineer,"Percona Staffing LLC
                "
https://stackoverflow.com/jobs/517093/senior-software-engineer-ruby-node-react-go-outlierai,"Senior Software Engineer (Ruby, Node, React, Go)","Outlier.ai
                "
https://stackoverflow.com/jobs/525841/software-engineer-go-oneid-uk-only-100-digital-identity-net,"Software Engineer (Go) - OneID (UK only, 100% remote)","Digital Identity Net
                "
https://stackoverflow.com/jobs/516381/full-stack-developer-golang-scratch-financial-inc,Full Stack Developer (GoLang),"Scratch Financial, Inc
                "
https://stackoverflow.com/jobs/523724/golang-developer-remote-eu-based-x-team,Golang Developer (Remote EU based),"X-Team
                "
